{"id":2311124629,"items":[{"id":2829227150,"status":2,"title":"Blog Template","order":1,"templateKey":"blog","pageLinks":["#"]},{"id":15199815,"status":2,"title":"Post Template","order":2,"templateKey":"post","pageLinks":[]},{"id":708707922,"status":2,"title":"Index With No Form","order":65536,"templateKey":null,"pageLinks":["#"]},{"id":152809517,"status":2,"title":"Index","order":65537,"templateKey":null,"pageLinks":["#"]}],"metaTags":null,"order":65536,"headHtml":null,"customCss":null,"headerHtml":"<section class=\"u-clearfix u-header u-sticky u-white u-block-05f2-1\" custom-posts-hash=\"[]\" data-style=\"header-imglogo-menu\" data-post-id=\"Header\" data-section-properties=\"{&quot;grid-spacing&quot;:&quot;0&quot;,&quot;align&quot;:&quot;left&quot;,&quot;stretch&quot;:true}\" id=\"sec-be89\" data-id=\"05f2\">\n  <div class=\"u-clearfix u-sheet u-block-05f2-2\"><a href=\"#\" class=\"u-image u-logo u-block-05f2-8\" src=\"\" data-brightness=\"\">\n      <img src=\"np://user.desktop.nicepage.com/Site_2311124629/images/surveyhopelogo.png\" class=\"u-logo-image u-block-05f2-10\">\n    </a>\n    <nav class=\"u-align-left u-font-size-14 u-menu u-menu-one-level u-nav-spacing-25 u-offcanvas u-block-05f2-3\">\n      <div class=\"menu-collapse\" style=\"font-size: 1.25rem;\">\n        <a class=\"u-button-style u-custom-color u-custom-text-shadow u-nav-link u-text-active-palette-1-base u-text-hover-palette-1-base\" href=\"#\" style=\"padding: 4px 0px; font-size: calc(1em + 8px); text-shadow: 2px 2px 8px rgba(var(--black-r),var(--black-g),var(--black-b),0.4);\">\n          <svg class=\"u-svg-link\" preserveAspectRatio=\"xMidYMin slice\" viewBox=\"0 0 302 302\" style=\"undefined\">\n            <use xmlns:xlink=\"http://www.w3.org/1999/xlink\" xlink:href=\"#svg-7b92\"></use>\n          </svg>\n          <svg xmlns=\"http://www.w3.org/2000/svg\" xmlns:xlink=\"http://www.w3.org/1999/xlink\" version=\"1.1\" id=\"svg-7b92\" x=\"0px\" y=\"0px\" viewBox=\"0 0 302 302\" style=\"enable-background:new 0 0 302 302;\" xml:space=\"preserve\" class=\"u-svg-content\">\n            <g>\n              <rect y=\"36\" width=\"302\" height=\"30\"></rect>\n              <rect y=\"236\" width=\"302\" height=\"30\"></rect>\n              <rect y=\"136\" width=\"302\" height=\"30\"></rect>\n            </g>\n            <g></g>\n            <g></g>\n            <g></g>\n            <g></g>\n            <g></g>\n            <g></g>\n            <g></g>\n            <g></g>\n            <g></g>\n            <g></g>\n            <g></g>\n            <g></g>\n            <g></g>\n            <g></g>\n            <g></g>\n          </svg>\n        </a>\n      </div>\n      <div class=\"u-custom-menu u-nav-container\">\n        <ul class=\"u-nav u-spacing-25 u-unstyled u-block-05f2-4\"><li class=\"u-nav-item\"><a class=\"u-button-style u-nav-link u-text-active-palette-1-base u-text-hover-palette-1-base\" href=\"#sec-0e33\" style=\"padding: 8px 0px;\">Home</a><div class=\"fake u-hidden u-nav-popup\"><ul class=\"u-h-spacing-20 u-nav u-unstyled u-v-spacing-10 u-block-05f2-11\"><li class=\"u-nav-item\"><a class=\"u-button-style u-nav-link\">Menu Item1</a></li><li class=\"u-nav-item\"><a class=\"u-button-style u-nav-link\">Menu Item2</a></li><li class=\"u-nav-item\"><a class=\"u-button-style u-nav-link\">Menu Item3</a></li></ul></div></li><li class=\"u-nav-item\"><a class=\"u-button-style u-nav-link u-text-active-palette-1-base u-text-hover-palette-1-base\" href=\"#why\" style=\"padding: 8px 0px;\">Why</a></li><li class=\"u-nav-item\"><a class=\"u-button-style u-nav-link u-text-active-palette-1-base u-text-hover-palette-1-base\" href=\"#sec-a2ec\" style=\"padding: 8px 0px;\">How</a></li><li class=\"u-nav-item\"><a class=\"u-button-style u-nav-link u-text-active-palette-1-base u-text-hover-palette-1-base\" href=\"#sec-c25e\" style=\"padding: 8px 0px;\">Our Team</a></li><li class=\"u-nav-item\"><a class=\"u-button-style u-nav-link u-text-active-palette-1-base u-text-hover-palette-1-base\" href=\"#sec-8e7e\" style=\"padding: 8px 0px;\">Request a Demo</a></li></ul>\n      </div>\n      <div class=\"u-custom-menu u-nav-container-collapse\">\n        <div class=\"u-align-center u-black u-container-style u-inner-container-layout u-opacity u-opacity-95 u-sidenav u-block-05f2-5\">\n          <div class=\"u-menu-close u-block-05f2-6\"></div>\n          <ul class=\"u-align-center u-nav u-popupmenu-items u-unstyled u-block-05f2-7\"><li class=\"u-nav-item\"><a class=\"u-button-style u-nav-link\" href=\"#sec-0e33\" style=\"padding: 8px 0px;\">Home</a><div class=\"fake u-hidden u-nav-popup\"><ul class=\"u-h-spacing-20 u-nav u-unstyled u-v-spacing-10 u-block-05f2-12\"><li class=\"u-nav-item\"><a class=\"u-button-style u-nav-link\">Menu Item1</a></li><li class=\"u-nav-item\"><a class=\"u-button-style u-nav-link\">Menu Item2</a></li><li class=\"u-nav-item\"><a class=\"u-button-style u-nav-link\">Menu Item3</a></li></ul></div></li><li class=\"u-nav-item\"><a class=\"u-button-style u-nav-link\" href=\"#why\" style=\"padding: 8px 0px;\">Why</a></li><li class=\"u-nav-item\"><a class=\"u-button-style u-nav-link\" href=\"#sec-a2ec\" style=\"padding: 8px 0px;\">How</a></li><li class=\"u-nav-item\"><a class=\"u-button-style u-nav-link\" href=\"#sec-c25e\" style=\"padding: 8px 0px;\">Our Team</a></li><li class=\"u-nav-item\"><a class=\"u-button-style u-nav-link\" href=\"#sec-8e7e\" style=\"padding: 8px 0px;\">Request a Demo</a></li></ul>\n        </div>\n        <div class=\"u-black u-menu-overlay u-opacity u-opacity-70\"></div>\n      </div>\n    </nav>\n    \n  </div>\n  <style data-mode=\"XL\" data-visited=\"true\">@media (min-width: 1200px){ .u-block-05f2-1 {background-image: none}\n.u-block-05f2-2 {min-height: 72px}\n.u-block-05f2-8 {margin-top: 20px; margin-right: auto; margin-bottom: 0px; margin-left: 0px}\n.u-block-05f2-10 {max-width: 297.334px; max-height: 297.334px}\n.u-block-05f2-3 {margin-top: -47px; margin-right: 0px; margin-bottom: 5px; margin-left: auto}\n.u-block-05f2-4 {font-size: 1.25rem}\n.u-block-05f2-7 {font-size: 1.25rem} }</style>\n  <style data-mode=\"LG\" data-visited=\"true\">@media (max-width: 1199px) and (min-width: 992px){ .u-block-05f2-1 {background-image: none}\n.u-block-05f2-2 {min-height: 72px}\n.u-block-05f2-8 {width: 31.3334px; height: 32px; margin-top: 20px; margin-right: auto; margin-bottom: 0px; margin-left: 0px}\n.u-block-05f2-10 {max-width: 64px; max-height: 64px}\n.u-block-05f2-3 {margin-top: -32px; margin-right: 0px; margin-bottom: 20px; margin-left: auto}\n.u-block-05f2-4 {font-size: 1.5rem}\n.u-block-05f2-7 {font-size: 1.25rem} }</style>\n  <style data-mode=\"MD\" data-visited=\"true\">@media (max-width: 991px) and (min-width: 768px){ .u-block-05f2-1 {background-image: none}\n.u-block-05f2-2 {min-height: 72px}\n.u-block-05f2-8 {width: 24px; height: 32px; margin-top: 20px; margin-right: auto; margin-bottom: 0px; margin-left: 0px}\n.u-block-05f2-10 {max-width: 64px; max-height: 64px}\n.u-block-05f2-3 {margin-top: -32px; margin-right: 0px; margin-bottom: 20px; margin-left: auto}\n.u-block-05f2-4 {font-size: 1.5rem}\n.u-block-05f2-7 {font-size: 1.25rem} }</style>\n  <style data-mode=\"SM\" data-visited=\"true\">@media (max-width: 767px) and (min-width: 576px){ .u-block-05f2-1 {background-image: none}\n.u-block-05f2-2 {min-height: 72px}\n.u-block-05f2-8 {width: 22.5px; height: 32px; margin-top: 20px; margin-right: auto; margin-bottom: 0px; margin-left: 0px}\n.u-block-05f2-10 {max-width: 64px; max-height: 64px}\n.u-block-05f2-3 {margin-top: -32px; margin-right: 0px; margin-bottom: 20px; margin-left: auto}\n.u-block-05f2-4 {font-size: 1.5rem}\n.u-block-05f2-7 {font-size: 1.25rem} }</style>\n  <style data-mode=\"XS\" data-visited=\"true\">@media (max-width: 575px){ .u-block-05f2-1 {background-image: none}\n.u-block-05f2-2 {min-height: 72px}\n.u-block-05f2-8 {width: 18.8889px; height: 32px; margin-top: 20px; margin-right: auto; margin-bottom: 0px; margin-left: 0px}\n.u-block-05f2-10 {max-width: 64px; max-height: 64px}\n.u-block-05f2-3 {margin-top: -32px; margin-right: 0px; margin-bottom: 20px; margin-left: auto}\n.u-block-05f2-4 {font-size: 1.5rem}\n.u-block-05f2-7 {font-size: 1.25rem} }</style>\n</section>","footerHtml":"<section class=\"u-clearfix u-footer u-block-71fe-1\" custom-posts-hash=\"T\" data-style=\"footer-text\" data-post-id=\"Footer-title-subtitle-h1-h2-h3-h4-h5-h6-headline-largeText-text-smallText-blockquote\" data-section-properties=\"{&quot;grid-spacing&quot;:&quot;30&quot;,&quot;spacingAdditional&quot;:&quot;none&quot;,&quot;align&quot;:&quot;center&quot;,&quot;stretch&quot;:true}\" id=\"sec-76af\" data-id=\"71fe\">\n  <div class=\"u-clearfix u-sheet u-block-71fe-2\"><img src=\"np://user.desktop.nicepage.com/Site_2311124629/images/surveyhopelogo.png\" alt=\"\" class=\"u-image u-image-default u-block-71fe-5\" data-image-width=\"1500\" data-image-height=\"236\">\n    \n  <div class=\"u-social-icons u-spacing-10 u-text-palette-2-base u-block-71fe-3\"><a class=\"u-social-url\" target=\"_blank\" href=\"https://www.instagram.com/survey_hope/?hl=en\"><span class=\"u-icon u-icon-circle u-social-instagram u-social-type-logo u-block-71fe-6\"><svg class=\"u-svg-link\" preserveAspectRatio=\"xMidYMin slice\" viewBox=\"0 0 112.2 112.2\" style=\"width: 31.9689px;\"><use xmlns:xlink=\"http://www.w3.org/1999/xlink\" xlink:href=\"#svg-7578\"></use></svg><svg x=\"0px\" y=\"0px\" viewBox=\"0 0 112.2 112.2\" enable-background=\"new 0 0 112.2 112.2\" xml:space=\"preserve\" id=\"svg-7578\" class=\"u-svg-content\">\n        <path d=\"M55.9,32.9c-12.8,0-23.2,10.4-23.2,23.2s10.4,23.2,23.2,23.2s23.2-10.4,23.2-23.2S68.7,32.9,55.9,32.9z M55.9,69.4c-7.4,0-13.3-6-13.3-13.3c-0.1-7.4,6-13.3,13.3-13.3s13.3,6,13.3,13.3C69.3,63.5,63.3,69.4,55.9,69.4z\"></path>\n        <path d=\"M79.7,26.8c-3,0-5.4,2.5-5.4,5.4s2.5,5.4,5.4,5.4c3,0,5.4-2.5,5.4-5.4S82.7,26.8,79.7,26.8z\"></path>\n        <path d=\"M78.2,11H33.5C21,11,10.8,21.3,10.8,33.7v44.7c0,12.6,10.2,22.8,22.7,22.8h44.7c12.6,0,22.7-10.2,22.7-22.7 V33.7C100.8,21.1,90.6,11,78.2,11z M91,78.4c0,7.1-5.8,12.8-12.8,12.8H33.5c-7.1,0-12.8-5.8-12.8-12.8V33.7 c0-7.1,5.8-12.8,12.8-12.8h44.7c7.1,0,12.8,5.8,12.8,12.8V78.4z\"></path>\n    </svg></span></a><a class=\"u-social-url\" target=\"_blank\" href=\"\"><span class=\"u-icon u-icon-circle u-social-facebook u-social-type-logo u-block-71fe-7\"><svg class=\"u-svg-link\" preserveAspectRatio=\"xMidYMin slice\" viewBox=\"0 0 112.2 112.2\" style=\"width: 31.9689px;\"><use xmlns:xlink=\"http://www.w3.org/1999/xlink\" xlink:href=\"#svg-7918\"></use></svg><svg x=\"0px\" y=\"0px\" viewBox=\"0 0 112.2 112.2\" enable-background=\"new 0 0 112.2 112.2\" xml:space=\"preserve\" id=\"svg-7918\" class=\"u-svg-content\">\n        <path d=\"M75.5,28.8H65.4c-1.5,0-4,0.9-4,4.3v9.4h13.9l-1.5,15.8H61.4v45.1H42.8V58.3h-8.8V42.4h8.8V32.2 c0-7.4,3.4-18.8,18.8-18.8h13.8v15.4H75.5z\"></path>\n    </svg></span></a></div></div>\n  <style data-mode=\"XL\" data-visited=\"true\">@media (min-width: 1200px){ .u-block-71fe-2 {min-height: 52.9846px}\n.u-block-71fe-5 {width: 269px; height: 41.9843px; margin-top: 5.5158px; margin-right: 0px; margin-bottom: 0px; margin-left: auto}\n.u-block-71fe-3 {white-space: nowrap; height: 31.9689px; min-height: 16px; width: 73.9378px; min-width: 42px; margin-top: -36.969px; margin-right: 296.828px; margin-bottom: 5px; margin-left: auto}\n.u-block-71fe-6 {height: 100%}\n.u-block-71fe-7 {height: 100%} }</style>\n  <style data-mode=\"LG\" data-visited=\"true\">@media (max-width: 1199px) and (min-width: 992px){ .u-block-71fe-2 {min-height: 133px}\n.u-block-71fe-5 {width: 221.807px; height: 34.6188px; margin-top: 16.0469px; margin-right: 0px; margin-bottom: 0px; margin-left: auto}\n.u-block-71fe-3 {white-space: nowrap; height: 32px; min-height: 16px; position: relative; width: 116px; min-width: 68px; margin-top: -40.1563px; margin-right: 827.86px; margin-bottom: 90.5px; margin-left: 16.4913px}\n.u-block-71fe-6 {height: 100%}\n.u-block-71fe-7 {height: 100%} }</style>\n  <style data-mode=\"MD\" data-visited=\"true\">@media (max-width: 991px) and (min-width: 768px){ .u-block-71fe-2 {min-height: 133px}\n.u-block-71fe-5 {width: 169.895px; height: 26.5165px; margin-top: 16.0469px; margin-right: 0px; margin-bottom: 0px; margin-left: auto}\n.u-block-71fe-3 {white-space: nowrap; height: 32px; min-height: 16px; position: relative; width: 116px; min-width: 68px; margin-top: -32.0625px; margin-right: 634.105px; margin-bottom: 90.5px; margin-left: 12.6316px}\n.u-block-71fe-6 {height: 100%}\n.u-block-71fe-7 {height: 100%} }</style>\n  <style data-mode=\"SM\" data-visited=\"true\">@media (max-width: 767px) and (min-width: 576px){ .u-block-71fe-2 {min-height: 133px}\n.u-block-71fe-5 {width: 159.276px; height: 24.8592px; margin-top: 16.0469px; margin-right: 0px; margin-bottom: 0px; margin-left: auto}\n.u-block-71fe-3 {white-space: nowrap; height: 32px; min-height: 16px; position: relative; width: 116px; min-width: 68px; margin-top: -30.3907px; margin-right: 475.579px; margin-bottom: 90.5px; margin-left: 9.4737px}\n.u-block-71fe-6 {height: 100%}\n.u-block-71fe-7 {height: 100%} }</style>\n  <style data-mode=\"XS\" data-visited=\"true\">@media (max-width: 575px){ .u-block-71fe-2 {min-height: 133px}\n.u-block-71fe-5 {width: 133.714px; height: 20.8695px; margin-top: 16.0316px; margin-right: 0px; margin-bottom: 0px; margin-left: auto}\n.u-block-71fe-3 {white-space: nowrap; height: 32px; min-height: 16px; position: relative; width: 116px; min-width: 68px; margin-top: -26.4063px; margin-right: 299.439px; margin-bottom: 90.5155px; margin-left: 5.965px}\n.u-block-71fe-6 {height: 100%}\n.u-block-71fe-7 {height: 100%} }</style>\n</section>","hideBacklink":null,"homePageId":152809517,"dateUpdated":1558622248738,"settings":"{\"title\":\"SurveyHope\",\"homePageId\":\"152809517\",\"description\":\"\",\"keywords\":\"\",\"analytics\":\"\",\"googleTagManager\":\"\",\"metaTags\":\"\",\"headHtml\":\"\",\"customCss\":\"\",\"themeAuthor\":\"\",\"themeAuthorUrl\":\"\",\"themeVersion\":\"1.0\",\"themeUrl\":\"\",\"themeTags\":\"left-sidebar, right-sidebar, custom-background, custom-colors, blog\",\"themeDescription\":\"Nicepage-generated theme\",\"showBrand\":\"false\",\"favicon\":\"\",\"whiteLabelTitle\":\"Nicepage\",\"whiteLabelLogoSmall\":\"\",\"whiteLabelLogoBig\":\"\",\"whiteLabelAuthor\":\"Nicepage https://www.nicepage.com\",\"whiteLabelAuthorUrl\":\"https://nicepage.com/\",\"whiteLabelDescription\":\"Design websites with any images and texts in seconds!\",\"themeThumbnail\":\"\",\"colorScheme\":{\"name\":\"deep-blue\",\"isDefault\":true,\"bodyColors\":[\"#111111\",\"#ffffff\"],\"colors\":[\"#0cbcf5\",\"#054a71\",\"#0172b2\",\"#86dbf6\",\"#d6dfe2\"],\"bgColor\":\"#ffffff\",\"shadingContrast\":\"body-alt-color\",\"whiteContrast\":\"body-color\",\"bgContrast\":\"body-color\"},\"fontScheme\":{\"name\":\"Montserrat-OpenSans\",\"isDefault\":true,\"fonts\":{\"heading\":\"Montserrat, sans-serif\",\"text\":\"Open Sans, sans-serif\",\"accent\":\"Arial, sans-serif\",\"headingTitle\":\"Montserrat\",\"textTitle\":\"Open Sans\"}},\"typography\":{\"name\":\"custom-page-typography-2\",\"title\":{\"bold\":true,\"letter-spacing\":\"-1\",\"line-height\":\"1_1\",\"font-size\":4.5,\"text-transform\":\"uppercase\",\"margin-top\":20,\"margin-bottom\":20},\"subtitle\":{\"bold\":true,\"line-height\":\"1_1\",\"font-size\":2.25,\"text-transform\":\"uppercase\",\"margin-top\":20,\"margin-bottom\":20},\"h1\":{\"bold\":true,\"letter-spacing\":\"-1\",\"line-height\":\"1_1\",\"font-size\":3.75,\"text-transform\":\"uppercase\",\"margin-top\":20,\"margin-bottom\":20},\"h2\":{\"bold\":true,\"line-height\":\"1_1\",\"font-size\":2.25,\"text-transform\":\"uppercase\",\"margin-top\":20,\"margin-bottom\":20},\"h3\":{\"bold\":true,\"line-height\":\"1_1\",\"font-size\":1.875,\"text-transform\":\"uppercase\",\"margin-top\":20,\"margin-bottom\":20},\"h4\":{\"bold\":true,\"line-height\":\"1_2\",\"font-size\":1.5,\"text-transform\":\"uppercase\",\"margin-top\":20,\"margin-bottom\":20},\"h5\":{\"bold\":true,\"line-height\":\"1_2\",\"font-size\":1.25,\"text-transform\":\"uppercase\",\"margin-top\":20,\"margin-bottom\":20},\"h6\":{\"bold\":true,\"line-height\":\"1_2\",\"font-size\":1.125,\"text-transform\":\"uppercase\",\"margin-top\":20,\"margin-bottom\":20},\"largeText\":{\"line-height\":\"1_6\",\"font-size\":1.25,\"margin-top\":20,\"margin-bottom\":20,\"font-weight\":\"700\"},\"text\":{\"bold\":false,\"line-height\":\"1_6\",\"font-size\":1,\"margin-top\":20,\"margin-bottom\":20},\"smallText\":{\"bold\":false,\"line-height\":\"1_6\",\"font-size\":0.875,\"margin-top\":20,\"margin-bottom\":20},\"link\":{\"bold\":true,\"letter-spacing\":\"1\",\"line-height\":\"1_8\",\"text-color\":\"palette-1-base\",\"margin-top\":20,\"margin-bottom\":20},\"button\":{\"bold\":true,\"font-size\":1,\"letter-spacing\":\"1\",\"line-height\":\"1_4\",\"color\":\"palette-1-base\",\"margin-top\":20,\"margin-bottom\":20},\"blockquote\":{\"font-style\":\"italic\",\"line-height\":\"1_6\",\"font-size\":1.25,\"indent\":20,\"border\":4,\"border-color\":\"palette-1-base\",\"margin-top\":20,\"margin-bottom\":20},\"metadata\":{\"font-size\":0.75,\"letter-spacing\":\"1\",\"text-transform\":\"uppercase\",\"line-height\":\"1_4\",\"margin-top\":20,\"margin-bottom\":20},\"list\":{\"margin-top\":20,\"margin-bottom\":20},\"orderedlist\":{\"margin-top\":20,\"margin-bottom\":20},\"postContent\":{\"margin-top\":20,\"margin-bottom\":20},\"theme\":{\"gradient\":\"\",\"image\":\"\"},\"htmlBaseSize\":16},\"id\":2311124629,\"publishNicePageCss\":\"\"}","title":"SurveyHope","siteStyleCss":"<style id=\"color-scheme\" color-scheme=\"deep-blue\" color-style=\"multicolor-1\">.u-body {\n--body-color: #111111;\n--body-color-r: 17;\n--body-color-g: 17;\n--body-color-b: 17;\n--body-color-contrast: white;\n--body-color-darker: #0f0f0f;\n--body-color-contrast-darker: white;\n--body-color-text-color: var(--body-alt-color);\n--body-alt-color: #ffffff;\n--body-alt-color-r: 255;\n--body-alt-color-g: 255;\n--body-alt-color-b: 255;\n--body-alt-color-contrast: black;\n--body-alt-color-darker: #e6e6e6;\n--body-alt-color-contrast-darker: black;\n--body-alt-color-text-color: var(--body-color);\n--bg-color: #ffffff;\n--bg-color-r: 255;\n--bg-color-g: 255;\n--bg-color-b: 255;\n--bg-color-contrast: black;\n--bg-color-darker: #e6e6e6;\n--bg-color-contrast-darker: black;\n--bg-color-text-color: var(--body-color);\n--palette-1-base: #0cbcf5;\n--palette-1-base-r: 12;\n--palette-1-base-g: 188;\n--palette-1-base-b: 245;\n--palette-1-base-contrast: white;\n--palette-1-base-darker: #09aade;\n--palette-1-base-contrast-darker: white;\n--palette-1-base-text-color: var(--body-alt-color);\n--palette-1-dark-3: #293133;\n--palette-1-dark-3-r: 41;\n--palette-1-dark-3-g: 49;\n--palette-1-dark-3-b: 51;\n--palette-1-dark-3-contrast: white;\n--palette-1-dark-3-darker: #252c2e;\n--palette-1-dark-3-contrast-darker: white;\n--palette-1-dark-3-text-color: var(--body-alt-color);\n--palette-1-dark-2: #406774;\n--palette-1-dark-2-r: 64;\n--palette-1-dark-2-g: 103;\n--palette-1-dark-2-b: 116;\n--palette-1-dark-2-contrast: white;\n--palette-1-dark-2-darker: #3a5d68;\n--palette-1-dark-2-contrast-darker: white;\n--palette-1-dark-2-text-color: var(--body-alt-color);\n--palette-1-dark-1: #3695b4;\n--palette-1-dark-1-r: 54;\n--palette-1-dark-1-g: 149;\n--palette-1-dark-1-b: 180;\n--palette-1-dark-1-contrast: white;\n--palette-1-dark-1-darker: #3186a2;\n--palette-1-dark-1-contrast-darker: white;\n--palette-1-dark-1-text-color: var(--body-alt-color);\n--palette-1: #0cbcf5;\n--palette-1-r: 12;\n--palette-1-g: 188;\n--palette-1-b: 245;\n--palette-1-contrast: white;\n--palette-1-darker: #09aade;\n--palette-1-contrast-darker: white;\n--palette-1-text-color: var(--body-alt-color);\n--palette-1-light-1: #53d0f8;\n--palette-1-light-1-r: 83;\n--palette-1-light-1-g: 208;\n--palette-1-light-1-b: 248;\n--palette-1-light-1-contrast: black;\n--palette-1-light-1-darker: #33c7f7;\n--palette-1-light-1-contrast-darker: white;\n--palette-1-light-1-text-color: var(--body-color);\n--palette-1-light-2: #9ce4fb;\n--palette-1-light-2-r: 156;\n--palette-1-light-2-g: 228;\n--palette-1-light-2-b: 251;\n--palette-1-light-2-contrast: black;\n--palette-1-light-2-darker: #75d9f9;\n--palette-1-light-2-contrast-darker: black;\n--palette-1-light-2-text-color: var(--body-color);\n--palette-1-light-3: #e6f8fe;\n--palette-1-light-3-r: 230;\n--palette-1-light-3-g: 248;\n--palette-1-light-3-b: 254;\n--palette-1-light-3-contrast: black;\n--palette-1-light-3-darker: #b7ebfc;\n--palette-1-light-3-contrast-darker: black;\n--palette-1-light-3-text-color: var(--body-color);\n--palette-2-base: #054a71;\n--palette-2-base-r: 5;\n--palette-2-base-g: 74;\n--palette-2-base-b: 113;\n--palette-2-base-contrast: white;\n--palette-2-base-darker: #044366;\n--palette-2-base-contrast-darker: white;\n--palette-2-base-text-color: var(--body-alt-color);\n--palette-2-dark-3: #292f33;\n--palette-2-dark-3-r: 41;\n--palette-2-dark-3-g: 47;\n--palette-2-dark-3-b: 51;\n--palette-2-dark-3-contrast: white;\n--palette-2-dark-3-darker: #252a2e;\n--palette-2-dark-3-contrast-darker: white;\n--palette-2-dark-3-text-color: var(--body-alt-color);\n--palette-2-dark-2: #234152;\n--palette-2-dark-2-r: 35;\n--palette-2-dark-2-g: 65;\n--palette-2-dark-2-b: 82;\n--palette-2-dark-2-contrast: white;\n--palette-2-dark-2-darker: #203a4a;\n--palette-2-dark-2-contrast-darker: white;\n--palette-2-dark-2-text-color: var(--body-alt-color);\n--palette-2-dark-1: #054a71;\n--palette-2-dark-1-r: 5;\n--palette-2-dark-1-g: 74;\n--palette-2-dark-1-b: 113;\n--palette-2-dark-1-contrast: white;\n--palette-2-dark-1-darker: #044366;\n--palette-2-dark-1-contrast-darker: white;\n--palette-2-dark-1-text-color: var(--body-alt-color);\n--palette-2: #32a9ec;\n--palette-2-r: 50;\n--palette-2-g: 169;\n--palette-2-b: 236;\n--palette-2-contrast: white;\n--palette-2-darker: #189eea;\n--palette-2-contrast-darker: white;\n--palette-2-text-color: var(--body-alt-color);\n--palette-2-light-1: #6dc2f2;\n--palette-2-light-1-r: 109;\n--palette-2-light-1-g: 194;\n--palette-2-light-1-b: 242;\n--palette-2-light-1-contrast: white;\n--palette-2-light-1-darker: #4db5ef;\n--palette-2-light-1-contrast-darker: white;\n--palette-2-light-1-text-color: var(--body-alt-color);\n--palette-2-light-2: #aadbf7;\n--palette-2-light-2-r: 170;\n--palette-2-light-2-g: 219;\n--palette-2-light-2-b: 247;\n--palette-2-light-2-contrast: black;\n--palette-2-light-2-darker: #84cbf3;\n--palette-2-light-2-contrast-darker: black;\n--palette-2-light-2-text-color: var(--body-color);\n--palette-2-light-3: #e9f6fd;\n--palette-2-light-3-r: 233;\n--palette-2-light-3-g: 246;\n--palette-2-light-3-b: 253;\n--palette-2-light-3-contrast: black;\n--palette-2-light-3-darker: #bce4f9;\n--palette-2-light-3-contrast-darker: black;\n--palette-2-light-3-text-color: var(--body-color);\n--palette-3-base: #0172b2;\n--palette-3-base-r: 1;\n--palette-3-base-g: 114;\n--palette-3-base-b: 178;\n--palette-3-base-contrast: white;\n--palette-3-base-darker: #0167a0;\n--palette-3-base-contrast-darker: white;\n--palette-3-base-text-color: var(--body-alt-color);\n--palette-3-dark-3: #292f33;\n--palette-3-dark-3-r: 41;\n--palette-3-dark-3-g: 47;\n--palette-3-dark-3-b: 51;\n--palette-3-dark-3-contrast: white;\n--palette-3-dark-3-darker: #252a2e;\n--palette-3-dark-3-contrast-darker: white;\n--palette-3-dark-3-text-color: var(--body-alt-color);\n--palette-3-dark-2: #2e5a72;\n--palette-3-dark-2-r: 46;\n--palette-3-dark-2-g: 90;\n--palette-3-dark-2-b: 114;\n--palette-3-dark-2-contrast: white;\n--palette-3-dark-2-darker: #295167;\n--palette-3-dark-2-contrast-darker: white;\n--palette-3-dark-2-text-color: var(--body-alt-color);\n--palette-3-dark-1: #0172b2;\n--palette-3-dark-1-r: 1;\n--palette-3-dark-1-g: 114;\n--palette-3-dark-1-b: 178;\n--palette-3-dark-1-contrast: white;\n--palette-3-dark-1-darker: #0167a0;\n--palette-3-dark-1-contrast-darker: white;\n--palette-3-dark-1-text-color: var(--body-alt-color);\n--palette-3: #18a6f6;\n--palette-3-r: 24;\n--palette-3-g: 166;\n--palette-3-b: 246;\n--palette-3-contrast: white;\n--palette-3-darker: #0999ea;\n--palette-3-contrast-darker: white;\n--palette-3-text-color: var(--body-alt-color);\n--palette-3-light-1: #5cc0f9;\n--palette-3-light-1-r: 92;\n--palette-3-light-1-g: 192;\n--palette-3-light-1-b: 249;\n--palette-3-light-1-contrast: white;\n--palette-3-light-1-darker: #3bb3f8;\n--palette-3-light-1-contrast-darker: white;\n--palette-3-light-1-text-color: var(--body-alt-color);\n--palette-3-light-2: #a1dbfb;\n--palette-3-light-2-r: 161;\n--palette-3-light-2-g: 219;\n--palette-3-light-2-b: 251;\n--palette-3-light-2-contrast: black;\n--palette-3-light-2-darker: #79ccf9;\n--palette-3-light-2-contrast-darker: black;\n--palette-3-light-2-text-color: var(--body-color);\n--palette-3-light-3: #e7f6fe;\n--palette-3-light-3-r: 231;\n--palette-3-light-3-g: 246;\n--palette-3-light-3-b: 254;\n--palette-3-light-3-contrast: black;\n--palette-3-light-3-darker: #b8e5fc;\n--palette-3-light-3-contrast-darker: black;\n--palette-3-light-3-text-color: var(--body-color);\n--palette-4-base: #86dbf6;\n--palette-4-base-r: 134;\n--palette-4-base-g: 219;\n--palette-4-base-b: 246;\n--palette-4-base-contrast: black;\n--palette-4-base-darker: #63d0f3;\n--palette-4-base-contrast-darker: black;\n--palette-4-base-text-color: var(--body-color);\n--palette-4-dark-3: #293133;\n--palette-4-dark-3-r: 41;\n--palette-4-dark-3-g: 49;\n--palette-4-dark-3-b: 51;\n--palette-4-dark-3-contrast: white;\n--palette-4-dark-3-darker: #252c2e;\n--palette-4-dark-3-contrast-darker: white;\n--palette-4-dark-3-text-color: var(--body-alt-color);\n--palette-4-dark-2: #496168;\n--palette-4-dark-2-r: 73;\n--palette-4-dark-2-g: 97;\n--palette-4-dark-2-b: 104;\n--palette-4-dark-2-contrast: white;\n--palette-4-dark-2-darker: #42575e;\n--palette-4-dark-2-contrast-darker: white;\n--palette-4-dark-2-text-color: var(--body-alt-color);\n--palette-4-dark-1: #5e8e9d;\n--palette-4-dark-1-r: 94;\n--palette-4-dark-1-g: 142;\n--palette-4-dark-1-b: 157;\n--palette-4-dark-1-contrast: white;\n--palette-4-dark-1-darker: #55808d;\n--palette-4-dark-1-contrast-darker: white;\n--palette-4-dark-1-text-color: var(--body-alt-color);\n--palette-4: #69b9d3;\n--palette-4-r: 105;\n--palette-4-g: 185;\n--palette-4-b: 211;\n--palette-4-contrast: white;\n--palette-4-darker: #51aecc;\n--palette-4-contrast-darker: white;\n--palette-4-text-color: var(--body-alt-color);\n--palette-4-light-1: #86dbf6;\n--palette-4-light-1-r: 134;\n--palette-4-light-1-g: 219;\n--palette-4-light-1-b: 246;\n--palette-4-light-1-contrast: black;\n--palette-4-light-1-darker: #63d0f3;\n--palette-4-light-1-contrast-darker: black;\n--palette-4-light-1-text-color: var(--body-color);\n--palette-4-light-2: #bbebfa;\n--palette-4-light-2-r: 187;\n--palette-4-light-2-g: 235;\n--palette-4-light-2-b: 250;\n--palette-4-light-2-contrast: black;\n--palette-4-light-2-darker: #92dff7;\n--palette-4-light-2-contrast-darker: black;\n--palette-4-light-2-text-color: var(--body-color);\n--palette-4-light-3: #f3fbfe;\n--palette-4-light-3-r: 243;\n--palette-4-light-3-g: 251;\n--palette-4-light-3-b: 254;\n--palette-4-light-3-contrast: black;\n--palette-4-light-3-darker: #c5ecfa;\n--palette-4-light-3-contrast-darker: black;\n--palette-4-light-3-text-color: var(--body-color);\n--palette-5-base: #d6dfe2;\n--palette-5-base-r: 214;\n--palette-5-base-g: 223;\n--palette-5-base-b: 226;\n--palette-5-base-contrast: black;\n--palette-5-base-darker: #bccbd0;\n--palette-5-base-contrast-darker: black;\n--palette-5-base-text-color: var(--body-color);\n--palette-5-dark-3: #293033;\n--palette-5-dark-3-r: 41;\n--palette-5-dark-3-g: 48;\n--palette-5-dark-3-b: 51;\n--palette-5-dark-3-contrast: white;\n--palette-5-dark-3-darker: #252b2e;\n--palette-5-dark-3-contrast-darker: white;\n--palette-5-dark-3-text-color: var(--body-alt-color);\n--palette-5-dark-2: #4c5b61;\n--palette-5-dark-2-r: 76;\n--palette-5-dark-2-g: 91;\n--palette-5-dark-2-b: 97;\n--palette-5-dark-2-contrast: white;\n--palette-5-dark-2-darker: #445257;\n--palette-5-dark-2-contrast-darker: white;\n--palette-5-dark-2-text-color: var(--body-alt-color);\n--palette-5-dark-1: #6d868e;\n--palette-5-dark-1-r: 109;\n--palette-5-dark-1-g: 134;\n--palette-5-dark-1-b: 142;\n--palette-5-dark-1-contrast: white;\n--palette-5-dark-1-darker: #627980;\n--palette-5-dark-1-contrast-darker: white;\n--palette-5-dark-1-text-color: var(--body-alt-color);\n--palette-5: #8db0bc;\n--palette-5-r: 141;\n--palette-5-g: 176;\n--palette-5-b: 188;\n--palette-5-contrast: white;\n--palette-5-darker: #78a2b0;\n--palette-5-contrast-darker: white;\n--palette-5-text-color: var(--body-alt-color);\n--palette-5-light-1: #b0c7cf;\n--palette-5-light-1-r: 176;\n--palette-5-light-1-g: 199;\n--palette-5-light-1-b: 207;\n--palette-5-light-1-contrast: black;\n--palette-5-light-1-darker: #98b6c1;\n--palette-5-light-1-contrast-darker: white;\n--palette-5-light-1-text-color: var(--body-color);\n--palette-5-light-2: #d6dfe2;\n--palette-5-light-2-r: 214;\n--palette-5-light-2-g: 223;\n--palette-5-light-2-b: 226;\n--palette-5-light-2-contrast: black;\n--palette-5-light-2-darker: #bccbd0;\n--palette-5-light-2-contrast-darker: black;\n--palette-5-light-2-text-color: var(--body-color);\n--palette-5-light-3: #f7fbfc;\n--palette-5-light-3-r: 247;\n--palette-5-light-3-g: 251;\n--palette-5-light-3-b: 252;\n--palette-5-light-3-contrast: black;\n--palette-5-light-3-darker: #d3e9ee;\n--palette-5-light-3-contrast-darker: black;\n--palette-5-light-3-text-color: var(--body-color);\n--grey-40: #999999;\n--grey-40-r: 153;\n--grey-40-g: 153;\n--grey-40-b: 153;\n--grey-40-contrast: white;\n--grey-40-darker: #8a8a8a;\n--grey-40-contrast-darker: white;\n--grey-40-text-color: var(--body-alt-color);\n--grey-30: #b3b3b3;\n--grey-30-r: 179;\n--grey-30-g: 179;\n--grey-30-b: 179;\n--grey-30-contrast: white;\n--grey-30-darker: #a1a1a1;\n--grey-30-contrast-darker: white;\n--grey-30-text-color: var(--body-alt-color);\n--grey-25: #c0c0c0;\n--grey-25-r: 192;\n--grey-25-g: 192;\n--grey-25-b: 192;\n--grey-25-contrast: black;\n--grey-25-darker: #adadad;\n--grey-25-contrast-darker: white;\n--grey-25-text-color: var(--body-color);\n--white: #ffffff;\n--white-r: 255;\n--white-g: 255;\n--white-b: 255;\n--white-contrast: black;\n--white-darker: #e6e6e6;\n--white-contrast-darker: black;\n--white-text-color: var(--body-color);\n--grey-15: #d9d9d9;\n--grey-15-r: 217;\n--grey-15-g: 217;\n--grey-15-b: 217;\n--grey-15-contrast: black;\n--grey-15-darker: #c3c3c3;\n--grey-15-contrast-darker: black;\n--grey-15-text-color: var(--body-color);\n--grey-10: #e5e5e5;\n--grey-10-r: 229;\n--grey-10-g: 229;\n--grey-10-b: 229;\n--grey-10-contrast: black;\n--grey-10-darker: #cecece;\n--grey-10-contrast-darker: black;\n--grey-10-text-color: var(--body-color);\n--grey-5: #f2f2f2;\n--grey-5-r: 242;\n--grey-5-g: 242;\n--grey-5-b: 242;\n--grey-5-contrast: black;\n--grey-5-darker: #dadada;\n--grey-5-contrast-darker: black;\n--grey-5-text-color: var(--body-color);\n--grey-90: #1a1a1a;\n--grey-90-r: 26;\n--grey-90-g: 26;\n--grey-90-b: 26;\n--grey-90-contrast: white;\n--grey-90-darker: #171717;\n--grey-90-contrast-darker: white;\n--grey-90-text-color: var(--body-alt-color);\n--grey-80: #333333;\n--grey-80-r: 51;\n--grey-80-g: 51;\n--grey-80-b: 51;\n--grey-80-contrast: white;\n--grey-80-darker: #2e2e2e;\n--grey-80-contrast-darker: white;\n--grey-80-text-color: var(--body-alt-color);\n--grey-75: #404040;\n--grey-75-r: 64;\n--grey-75-g: 64;\n--grey-75-b: 64;\n--grey-75-contrast: white;\n--grey-75-darker: #3a3a3a;\n--grey-75-contrast-darker: white;\n--grey-75-text-color: var(--body-alt-color);\n--black: #000000;\n--black-r: 0;\n--black-g: 0;\n--black-b: 0;\n--black-contrast: white;\n--black-darker: #000000;\n--black-contrast-darker: white;\n--black-text-color: var(--body-alt-color);\n--grey-70: #4d4d4d;\n--grey-70-r: 77;\n--grey-70-g: 77;\n--grey-70-b: 77;\n--grey-70-contrast: white;\n--grey-70-darker: #454545;\n--grey-70-contrast-darker: white;\n--grey-70-text-color: var(--body-alt-color);\n--grey-60: #666666;\n--grey-60-r: 102;\n--grey-60-g: 102;\n--grey-60-b: 102;\n--grey-60-contrast: white;\n--grey-60-darker: #5c5c5c;\n--grey-60-contrast-darker: white;\n--grey-60-text-color: var(--body-alt-color);\n--grey-50: #808080;\n--grey-50-r: 128;\n--grey-50-g: 128;\n--grey-50-b: 128;\n--grey-50-contrast: white;\n--grey-50-darker: #737373;\n--grey-50-contrast-darker: white;\n--grey-50-text-color: var(--body-alt-color);\n--grey-dark-3: #212121;\n--grey-dark-3-r: 33;\n--grey-dark-3-g: 33;\n--grey-dark-3-b: 33;\n--grey-dark-3-contrast: white;\n--grey-dark-3-darker: #1e1e1e;\n--grey-dark-3-contrast-darker: white;\n--grey-dark-3-text-color: var(--body-alt-color);\n--grey-dark-2: #333333;\n--grey-dark-2-r: 51;\n--grey-dark-2-g: 51;\n--grey-dark-2-b: 51;\n--grey-dark-2-contrast: white;\n--grey-dark-2-darker: #2e2e2e;\n--grey-dark-2-contrast-darker: white;\n--grey-dark-2-text-color: var(--body-alt-color);\n--grey-dark-1: #454545;\n--grey-dark-1-r: 69;\n--grey-dark-1-g: 69;\n--grey-dark-1-b: 69;\n--grey-dark-1-contrast: white;\n--grey-dark-1-darker: #3e3e3e;\n--grey-dark-1-contrast-darker: white;\n--grey-dark-1-text-color: var(--body-alt-color);\n--grey: #b3b3b3;\n--grey-r: 179;\n--grey-g: 179;\n--grey-b: 179;\n--grey-contrast: white;\n--grey-darker: #a1a1a1;\n--grey-contrast-darker: white;\n--grey-text-color: var(--body-alt-color);\n--grey-light-1: #d9d9d9;\n--grey-light-1-r: 217;\n--grey-light-1-g: 217;\n--grey-light-1-b: 217;\n--grey-light-1-contrast: black;\n--grey-light-1-darker: #c3c3c3;\n--grey-light-1-contrast-darker: black;\n--grey-light-1-text-color: var(--body-color);\n--grey-light-2: #eeeeee;\n--grey-light-2-r: 238;\n--grey-light-2-g: 238;\n--grey-light-2-b: 238;\n--grey-light-2-contrast: black;\n--grey-light-2-darker: #d6d6d6;\n--grey-light-2-contrast-darker: black;\n--grey-light-2-text-color: var(--body-color);\n--grey-light-3: #f6f6f6;\n--grey-light-3-r: 246;\n--grey-light-3-g: 246;\n--grey-light-3-b: 246;\n--grey-light-3-contrast: black;\n--grey-light-3-darker: #dddddd;\n--grey-light-3-contrast-darker: black;\n--grey-light-3-text-color: var(--body-color);\n--color-1-base: #0cbcf5;\n--color-1-base-r: 12;\n--color-1-base-g: 188;\n--color-1-base-b: 245;\n--color-1-base-contrast: white;\n--color-1-base-darker: #09aade;\n--color-1-base-contrast-darker: white;\n--color-1-base-text-color: var(--body-alt-color);\n--color-1-dark-3: #293133;\n--color-1-dark-3-r: 41;\n--color-1-dark-3-g: 49;\n--color-1-dark-3-b: 51;\n--color-1-dark-3-contrast: white;\n--color-1-dark-3-darker: #252c2e;\n--color-1-dark-3-contrast-darker: white;\n--color-1-dark-3-text-color: var(--body-alt-color);\n--color-1-dark-2: #406774;\n--color-1-dark-2-r: 64;\n--color-1-dark-2-g: 103;\n--color-1-dark-2-b: 116;\n--color-1-dark-2-contrast: white;\n--color-1-dark-2-darker: #3a5d68;\n--color-1-dark-2-contrast-darker: white;\n--color-1-dark-2-text-color: var(--body-alt-color);\n--color-1-dark-1: #3695b4;\n--color-1-dark-1-r: 54;\n--color-1-dark-1-g: 149;\n--color-1-dark-1-b: 180;\n--color-1-dark-1-contrast: white;\n--color-1-dark-1-darker: #3186a2;\n--color-1-dark-1-contrast-darker: white;\n--color-1-dark-1-text-color: var(--body-alt-color);\n--color-1: #0cbcf5;\n--color-1-r: 12;\n--color-1-g: 188;\n--color-1-b: 245;\n--color-1-contrast: white;\n--color-1-darker: #09aade;\n--color-1-contrast-darker: white;\n--color-1-text-color: var(--body-alt-color);\n--color-1-light-1: #53d0f8;\n--color-1-light-1-r: 83;\n--color-1-light-1-g: 208;\n--color-1-light-1-b: 248;\n--color-1-light-1-contrast: black;\n--color-1-light-1-darker: #33c7f7;\n--color-1-light-1-contrast-darker: white;\n--color-1-light-1-text-color: var(--body-color);\n--color-1-light-2: #9ce4fb;\n--color-1-light-2-r: 156;\n--color-1-light-2-g: 228;\n--color-1-light-2-b: 251;\n--color-1-light-2-contrast: black;\n--color-1-light-2-darker: #75d9f9;\n--color-1-light-2-contrast-darker: black;\n--color-1-light-2-text-color: var(--body-color);\n--color-1-light-3: #e6f8fe;\n--color-1-light-3-r: 230;\n--color-1-light-3-g: 248;\n--color-1-light-3-b: 254;\n--color-1-light-3-contrast: black;\n--color-1-light-3-darker: #b7ebfc;\n--color-1-light-3-contrast-darker: black;\n--color-1-light-3-text-color: var(--body-color);\n--color-2-base: #054a71;\n--color-2-base-r: 5;\n--color-2-base-g: 74;\n--color-2-base-b: 113;\n--color-2-base-contrast: white;\n--color-2-base-darker: #044366;\n--color-2-base-contrast-darker: white;\n--color-2-base-text-color: var(--body-alt-color);\n--color-2-dark-3: #292f33;\n--color-2-dark-3-r: 41;\n--color-2-dark-3-g: 47;\n--color-2-dark-3-b: 51;\n--color-2-dark-3-contrast: white;\n--color-2-dark-3-darker: #252a2e;\n--color-2-dark-3-contrast-darker: white;\n--color-2-dark-3-text-color: var(--body-alt-color);\n--color-2-dark-2: #234152;\n--color-2-dark-2-r: 35;\n--color-2-dark-2-g: 65;\n--color-2-dark-2-b: 82;\n--color-2-dark-2-contrast: white;\n--color-2-dark-2-darker: #203a4a;\n--color-2-dark-2-contrast-darker: white;\n--color-2-dark-2-text-color: var(--body-alt-color);\n--color-2-dark-1: #054a71;\n--color-2-dark-1-r: 5;\n--color-2-dark-1-g: 74;\n--color-2-dark-1-b: 113;\n--color-2-dark-1-contrast: white;\n--color-2-dark-1-darker: #044366;\n--color-2-dark-1-contrast-darker: white;\n--color-2-dark-1-text-color: var(--body-alt-color);\n--color-2: #32a9ec;\n--color-2-r: 50;\n--color-2-g: 169;\n--color-2-b: 236;\n--color-2-contrast: white;\n--color-2-darker: #189eea;\n--color-2-contrast-darker: white;\n--color-2-text-color: var(--body-alt-color);\n--color-2-light-1: #6dc2f2;\n--color-2-light-1-r: 109;\n--color-2-light-1-g: 194;\n--color-2-light-1-b: 242;\n--color-2-light-1-contrast: white;\n--color-2-light-1-darker: #4db5ef;\n--color-2-light-1-contrast-darker: white;\n--color-2-light-1-text-color: var(--body-alt-color);\n--color-2-light-2: #aadbf7;\n--color-2-light-2-r: 170;\n--color-2-light-2-g: 219;\n--color-2-light-2-b: 247;\n--color-2-light-2-contrast: black;\n--color-2-light-2-darker: #84cbf3;\n--color-2-light-2-contrast-darker: black;\n--color-2-light-2-text-color: var(--body-color);\n--color-2-light-3: #e9f6fd;\n--color-2-light-3-r: 233;\n--color-2-light-3-g: 246;\n--color-2-light-3-b: 253;\n--color-2-light-3-contrast: black;\n--color-2-light-3-darker: #bce4f9;\n--color-2-light-3-contrast-darker: black;\n--color-2-light-3-text-color: var(--body-color);\n--color-3-base: #0172b2;\n--color-3-base-r: 1;\n--color-3-base-g: 114;\n--color-3-base-b: 178;\n--color-3-base-contrast: white;\n--color-3-base-darker: #0167a0;\n--color-3-base-contrast-darker: white;\n--color-3-base-text-color: var(--body-alt-color);\n--color-3-dark-3: #292f33;\n--color-3-dark-3-r: 41;\n--color-3-dark-3-g: 47;\n--color-3-dark-3-b: 51;\n--color-3-dark-3-contrast: white;\n--color-3-dark-3-darker: #252a2e;\n--color-3-dark-3-contrast-darker: white;\n--color-3-dark-3-text-color: var(--body-alt-color);\n--color-3-dark-2: #2e5a72;\n--color-3-dark-2-r: 46;\n--color-3-dark-2-g: 90;\n--color-3-dark-2-b: 114;\n--color-3-dark-2-contrast: white;\n--color-3-dark-2-darker: #295167;\n--color-3-dark-2-contrast-darker: white;\n--color-3-dark-2-text-color: var(--body-alt-color);\n--color-3-dark-1: #0172b2;\n--color-3-dark-1-r: 1;\n--color-3-dark-1-g: 114;\n--color-3-dark-1-b: 178;\n--color-3-dark-1-contrast: white;\n--color-3-dark-1-darker: #0167a0;\n--color-3-dark-1-contrast-darker: white;\n--color-3-dark-1-text-color: var(--body-alt-color);\n--color-3: #18a6f6;\n--color-3-r: 24;\n--color-3-g: 166;\n--color-3-b: 246;\n--color-3-contrast: white;\n--color-3-darker: #0999ea;\n--color-3-contrast-darker: white;\n--color-3-text-color: var(--body-alt-color);\n--color-3-light-1: #5cc0f9;\n--color-3-light-1-r: 92;\n--color-3-light-1-g: 192;\n--color-3-light-1-b: 249;\n--color-3-light-1-contrast: white;\n--color-3-light-1-darker: #3bb3f8;\n--color-3-light-1-contrast-darker: white;\n--color-3-light-1-text-color: var(--body-alt-color);\n--color-3-light-2: #a1dbfb;\n--color-3-light-2-r: 161;\n--color-3-light-2-g: 219;\n--color-3-light-2-b: 251;\n--color-3-light-2-contrast: black;\n--color-3-light-2-darker: #79ccf9;\n--color-3-light-2-contrast-darker: black;\n--color-3-light-2-text-color: var(--body-color);\n--color-3-light-3: #e7f6fe;\n--color-3-light-3-r: 231;\n--color-3-light-3-g: 246;\n--color-3-light-3-b: 254;\n--color-3-light-3-contrast: black;\n--color-3-light-3-darker: #b8e5fc;\n--color-3-light-3-contrast-darker: black;\n--color-3-light-3-text-color: var(--body-color);\n--color-4-base: #86dbf6;\n--color-4-base-r: 134;\n--color-4-base-g: 219;\n--color-4-base-b: 246;\n--color-4-base-contrast: black;\n--color-4-base-darker: #63d0f3;\n--color-4-base-contrast-darker: black;\n--color-4-base-text-color: var(--body-color);\n--color-4-dark-3: #293133;\n--color-4-dark-3-r: 41;\n--color-4-dark-3-g: 49;\n--color-4-dark-3-b: 51;\n--color-4-dark-3-contrast: white;\n--color-4-dark-3-darker: #252c2e;\n--color-4-dark-3-contrast-darker: white;\n--color-4-dark-3-text-color: var(--body-alt-color);\n--color-4-dark-2: #496168;\n--color-4-dark-2-r: 73;\n--color-4-dark-2-g: 97;\n--color-4-dark-2-b: 104;\n--color-4-dark-2-contrast: white;\n--color-4-dark-2-darker: #42575e;\n--color-4-dark-2-contrast-darker: white;\n--color-4-dark-2-text-color: var(--body-alt-color);\n--color-4-dark-1: #5e8e9d;\n--color-4-dark-1-r: 94;\n--color-4-dark-1-g: 142;\n--color-4-dark-1-b: 157;\n--color-4-dark-1-contrast: white;\n--color-4-dark-1-darker: #55808d;\n--color-4-dark-1-contrast-darker: white;\n--color-4-dark-1-text-color: var(--body-alt-color);\n--color-4: #69b9d3;\n--color-4-r: 105;\n--color-4-g: 185;\n--color-4-b: 211;\n--color-4-contrast: white;\n--color-4-darker: #51aecc;\n--color-4-contrast-darker: white;\n--color-4-text-color: var(--body-alt-color);\n--color-4-light-1: #86dbf6;\n--color-4-light-1-r: 134;\n--color-4-light-1-g: 219;\n--color-4-light-1-b: 246;\n--color-4-light-1-contrast: black;\n--color-4-light-1-darker: #63d0f3;\n--color-4-light-1-contrast-darker: black;\n--color-4-light-1-text-color: var(--body-color);\n--color-4-light-2: #bbebfa;\n--color-4-light-2-r: 187;\n--color-4-light-2-g: 235;\n--color-4-light-2-b: 250;\n--color-4-light-2-contrast: black;\n--color-4-light-2-darker: #92dff7;\n--color-4-light-2-contrast-darker: black;\n--color-4-light-2-text-color: var(--body-color);\n--color-4-light-3: #f3fbfe;\n--color-4-light-3-r: 243;\n--color-4-light-3-g: 251;\n--color-4-light-3-b: 254;\n--color-4-light-3-contrast: black;\n--color-4-light-3-darker: #c5ecfa;\n--color-4-light-3-contrast-darker: black;\n--color-4-light-3-text-color: var(--body-color);\n--color-5-base: #d6dfe2;\n--color-5-base-r: 214;\n--color-5-base-g: 223;\n--color-5-base-b: 226;\n--color-5-base-contrast: black;\n--color-5-base-darker: #bccbd0;\n--color-5-base-contrast-darker: black;\n--color-5-base-text-color: var(--body-color);\n--color-5-dark-3: #293033;\n--color-5-dark-3-r: 41;\n--color-5-dark-3-g: 48;\n--color-5-dark-3-b: 51;\n--color-5-dark-3-contrast: white;\n--color-5-dark-3-darker: #252b2e;\n--color-5-dark-3-contrast-darker: white;\n--color-5-dark-3-text-color: var(--body-alt-color);\n--color-5-dark-2: #4c5b61;\n--color-5-dark-2-r: 76;\n--color-5-dark-2-g: 91;\n--color-5-dark-2-b: 97;\n--color-5-dark-2-contrast: white;\n--color-5-dark-2-darker: #445257;\n--color-5-dark-2-contrast-darker: white;\n--color-5-dark-2-text-color: var(--body-alt-color);\n--color-5-dark-1: #6d868e;\n--color-5-dark-1-r: 109;\n--color-5-dark-1-g: 134;\n--color-5-dark-1-b: 142;\n--color-5-dark-1-contrast: white;\n--color-5-dark-1-darker: #627980;\n--color-5-dark-1-contrast-darker: white;\n--color-5-dark-1-text-color: var(--body-alt-color);\n--color-5: #8db0bc;\n--color-5-r: 141;\n--color-5-g: 176;\n--color-5-b: 188;\n--color-5-contrast: white;\n--color-5-darker: #78a2b0;\n--color-5-contrast-darker: white;\n--color-5-text-color: var(--body-alt-color);\n--color-5-light-1: #b0c7cf;\n--color-5-light-1-r: 176;\n--color-5-light-1-g: 199;\n--color-5-light-1-b: 207;\n--color-5-light-1-contrast: black;\n--color-5-light-1-darker: #98b6c1;\n--color-5-light-1-contrast-darker: white;\n--color-5-light-1-text-color: var(--body-color);\n--color-5-light-2: #d6dfe2;\n--color-5-light-2-r: 214;\n--color-5-light-2-g: 223;\n--color-5-light-2-b: 226;\n--color-5-light-2-contrast: black;\n--color-5-light-2-darker: #bccbd0;\n--color-5-light-2-contrast-darker: black;\n--color-5-light-2-text-color: var(--body-color);\n--color-5-light-3: #f7fbfc;\n--color-5-light-3-r: 247;\n--color-5-light-3-g: 251;\n--color-5-light-3-b: 252;\n--color-5-light-3-contrast: black;\n--color-5-light-3-darker: #d3e9ee;\n--color-5-light-3-contrast-darker: black;\n--color-5-light-3-text-color: var(--body-color);\n--white-contrast: var(--body-color);\n--shading-contrast: var(--body-alt-color);\n--bg-contrast: var(--body-color);\n}</style><style id=\"typography\" typography=\"custom-page-typography-2\">.u-body {\n  --title-font-weight: bold;\n  --title-letter-spacing: -1px;\n  --title-line-height: 1.1;\n  --title-font-size: 4.5rem;\n  --title-text-transform: uppercase;\n  --title-margin-top: 20px;\n  --title-margin-bottom: 20px;\n  --subtitle-font-weight: bold;\n  --subtitle-line-height: 1.1;\n  --subtitle-font-size: 2.25rem;\n  --subtitle-text-transform: uppercase;\n  --subtitle-margin-top: 20px;\n  --subtitle-margin-bottom: 20px;\n  --h1-font-weight: bold;\n  --h1-letter-spacing: -1px;\n  --h1-line-height: 1.1;\n  --h1-font-size: 3.75rem;\n  --h1-text-transform: uppercase;\n  --h1-margin-top: 20px;\n  --h1-margin-bottom: 20px;\n  --h2-font-weight: bold;\n  --h2-line-height: 1.1;\n  --h2-font-size: 2.25rem;\n  --h2-text-transform: uppercase;\n  --h2-margin-top: 20px;\n  --h2-margin-bottom: 20px;\n  --h3-font-weight: bold;\n  --h3-line-height: 1.1;\n  --h3-font-size: 1.875rem;\n  --h3-text-transform: uppercase;\n  --h3-margin-top: 20px;\n  --h3-margin-bottom: 20px;\n  --h4-font-weight: bold;\n  --h4-line-height: 1.2;\n  --h4-font-size: 1.5rem;\n  --h4-text-transform: uppercase;\n  --h4-margin-top: 20px;\n  --h4-margin-bottom: 20px;\n  --h5-font-weight: bold;\n  --h5-line-height: 1.2;\n  --h5-font-size: 1.25rem;\n  --h5-text-transform: uppercase;\n  --h5-margin-top: 20px;\n  --h5-margin-bottom: 20px;\n  --h6-font-weight: bold;\n  --h6-line-height: 1.2;\n  --h6-font-size: 1.125rem;\n  --h6-text-transform: uppercase;\n  --h6-margin-top: 20px;\n  --h6-margin-bottom: 20px;\n  --largeText-line-height: 1.6;\n  --largeText-font-size: 1.25rem;\n  --largeText-margin-top: 20px;\n  --largeText-margin-bottom: 20px;\n  --largeText-font-weight: 700;\n  --text-font-weight: 400;\n  --text-line-height: 1.6;\n  --text-font-size: 1rem;\n  --text-margin-top: 20px;\n  --text-margin-bottom: 20px;\n  --smallText-font-weight: 400;\n  --smallText-line-height: 1.6;\n  --smallText-font-size: 0.875rem;\n  --smallText-margin-top: 20px;\n  --smallText-margin-bottom: 20px;\n  --link-font-weight: bold;\n  --link-letter-spacing: 1px;\n  --link-line-height: 1.8;\n  --link-color: var(--palette-1-base);\n  --link-margin-top: 20px;\n  --link-margin-bottom: 20px;\n  --link-alt-text-color: var(--palette-1-light-2);\n  --link-hover-color: var(--palette-1-base-darker);\n  --link-hover-alt-text-color: var(--white-darker);\n  --button-font-weight: bold;\n  --button-font-size: 1rem;\n  --button-letter-spacing: 1px;\n  --button-line-height: 1.4;\n  --button-margin-top: 20px;\n  --button-margin-bottom: 20px;\n  --button-background-color: var(--palette-1-base);\n  --button-color: var(--white);\n  --button-alt-background-color: var(--palette-1-light-2);\n  --button-alt-color: var(--black);\n  --button-hover-background-color: var(--palette-1-base-darker);\n  --button-hover-color: var(--white-darker);\n  --button-hover-alt-background-color: var(--palette-1-light-2-darker);\n  --button-hover-alt-color: var(--black-darker);\n  --blockquote-font-style: italic;\n  --blockquote-line-height: 1.6;\n  --blockquote-font-size: 1.25rem;\n  --blockquote-padding-left: 20px;\n  --blockquote-border-width: 4px;\n  --blockquote-border-color: var(--palette-1-base);\n  --blockquote-margin-top: 20px;\n  --blockquote-margin-bottom: 20px;\n  --metadata-font-size: 0.75rem;\n  --metadata-letter-spacing: 1px;\n  --metadata-text-transform: uppercase;\n  --metadata-line-height: 1.4;\n  --metadata-margin-top: 20px;\n  --metadata-margin-bottom: 20px;\n  --list-margin-top: 20px;\n  --list-margin-bottom: 20px;\n  --orderedlist-margin-top: 20px;\n  --orderedlist-margin-bottom: 20px;\n  --postContent-margin-top: 20px;\n  --postContent-margin-bottom: 20px;\n}\n\nh1.u-title {\n  font-weight: var(--title-font-weight);\n  letter-spacing: var(--title-letter-spacing);\n  line-height: var(--title-line-height);\n  font-size: var(--title-font-size);\n  text-transform: var(--title-text-transform);\n  margin-top: var(--title-margin-top);\n  margin-bottom: var(--title-margin-bottom);\n}\n\nh2.u-subtitle {\n  font-weight: var(--subtitle-font-weight);\n  line-height: var(--subtitle-line-height);\n  font-size: var(--subtitle-font-size);\n  text-transform: var(--subtitle-text-transform);\n  margin-top: var(--subtitle-margin-top);\n  margin-bottom: var(--subtitle-margin-bottom);\n}\n\nh1:not(.u-title) {\n  font-weight: var(--h1-font-weight);\n  letter-spacing: var(--h1-letter-spacing);\n  line-height: var(--h1-line-height);\n  font-size: var(--h1-font-size);\n  text-transform: var(--h1-text-transform);\n  margin-top: var(--h1-margin-top);\n  margin-bottom: var(--h1-margin-bottom);\n}\n\nh2:not(.u-subtitle) {\n  font-weight: var(--h2-font-weight);\n  line-height: var(--h2-line-height);\n  font-size: var(--h2-font-size);\n  text-transform: var(--h2-text-transform);\n  margin-top: var(--h2-margin-top);\n  margin-bottom: var(--h2-margin-bottom);\n}\n\nh3 {\n  font-weight: var(--h3-font-weight);\n  line-height: var(--h3-line-height);\n  font-size: var(--h3-font-size);\n  text-transform: var(--h3-text-transform);\n  margin-top: var(--h3-margin-top);\n  margin-bottom: var(--h3-margin-bottom);\n}\n\nh4 {\n  font-weight: var(--h4-font-weight);\n  line-height: var(--h4-line-height);\n  font-size: var(--h4-font-size);\n  text-transform: var(--h4-text-transform);\n  margin-top: var(--h4-margin-top);\n  margin-bottom: var(--h4-margin-bottom);\n}\n\nh5 {\n  font-weight: var(--h5-font-weight);\n  line-height: var(--h5-line-height);\n  font-size: var(--h5-font-size);\n  text-transform: var(--h5-text-transform);\n  margin-top: var(--h5-margin-top);\n  margin-bottom: var(--h5-margin-bottom);\n}\n\nh6 {\n  font-weight: var(--h6-font-weight);\n  line-height: var(--h6-line-height);\n  font-size: var(--h6-font-size);\n  text-transform: var(--h6-text-transform);\n  margin-top: var(--h6-margin-top);\n  margin-bottom: var(--h6-margin-bottom);\n}\n\np.u-large-text {\n  line-height: var(--largeText-line-height);\n  font-size: var(--largeText-font-size);\n  margin-top: var(--largeText-margin-top);\n  margin-bottom: var(--largeText-margin-bottom);\n  font-weight: var(--largeText-font-weight);\n}\n\np:not(.u-text-variant) {\n  font-weight: var(--text-font-weight);\n  line-height: var(--text-line-height);\n  font-size: var(--text-font-size);\n  margin-top: var(--text-margin-top);\n  margin-bottom: var(--text-margin-bottom);\n}\n\np.u-small-text {\n  font-weight: var(--smallText-font-weight);\n  line-height: var(--smallText-line-height);\n  font-size: var(--smallText-font-size);\n  margin-top: var(--smallText-margin-top);\n  margin-bottom: var(--smallText-margin-bottom);\n}\n\n.u-link, a {\n  font-weight: var(--link-font-weight);\n  letter-spacing: var(--link-letter-spacing);\n  line-height: var(--link-line-height);\n  margin-top: var(--link-margin-top);\n  margin-bottom: var(--link-margin-bottom);\n}\n\n.u-btn {\n  font-weight: var(--button-font-weight);\n  font-size: var(--button-font-size);\n  letter-spacing: var(--button-letter-spacing);\n  line-height: var(--button-line-height);\n  margin-top: var(--button-margin-top);\n  margin-bottom: var(--button-margin-bottom);\n}\n\nblockquote {\n  font-style: var(--blockquote-font-style);\n  line-height: var(--blockquote-line-height);\n  font-size: var(--blockquote-font-size);\n  padding-left: var(--blockquote-padding-left);\n  border-width: var(--blockquote-border-width);\n  margin-top: var(--blockquote-margin-top);\n  margin-bottom: var(--blockquote-margin-bottom);\n}\n\n.u-metadata {\n  font-size: var(--metadata-font-size);\n  letter-spacing: var(--metadata-letter-spacing);\n  text-transform: var(--metadata-text-transform);\n  line-height: var(--metadata-line-height);\n  margin-top: var(--metadata-margin-top);\n  margin-bottom: var(--metadata-margin-bottom);\n}\n\nul:not(.u-unstyled) {\n  margin-top: var(--list-margin-top);\n  margin-bottom: var(--list-margin-bottom);\n}\n\nol {\n  margin-top: var(--orderedlist-margin-top);\n  margin-bottom: var(--orderedlist-margin-bottom);\n}\n\n.u-post-content {\n  margin-top: var(--postContent-margin-top);\n  margin-bottom: var(--postContent-margin-bottom);\n}\n\n.u-overlap.u-overlap-transparent:not(.u-overlap-contrast) .u-header .u-link, .u-overlap.u-overlap-transparent:not(.u-overlap-contrast) .u-header a,\n.u-gradient > .u-container-layout > .u-link, .u-gradient > .u-container-layout > a,\n.u-image:not(.u-shading) > .u-container-layout > .u-link, .u-image:not(.u-shading) > .u-container-layout > a,\n.u-link, a {\n  color: var(--link-color);\n}\n\n.u-overlap.u-overlap-transparent:not(.u-overlap-contrast) .u-header .u-link:hover, .u-overlap.u-overlap-transparent:not(.u-overlap-contrast) .u-header a:hover,\n.u-gradient > .u-container-layout > .u-link:hover, .u-gradient > .u-container-layout > a:hover,\n.u-image:not(.u-shading) > .u-container-layout > .u-link:hover, .u-image:not(.u-shading) > .u-container-layout > a:hover,\n.u-link:hover, a:hover {\n  color: var(--link-hover-color);\n}\n\n.u-overlap.u-overlap-transparent:not(.u-overlap-contrast) .u-header .u-btn,\n.u-gradient > .u-container-layout > .u-btn,\n.u-image:not(.u-shading) > .u-container-layout > .u-btn,\n.u-btn {\n  background-color: var(--button-background-color);\n  color: var(--button-color);\n}\n\n.u-overlap.u-overlap-transparent:not(.u-overlap-contrast) .u-header .u-btn:hover,\n.u-gradient > .u-container-layout > .u-btn:hover,\n.u-image:not(.u-shading) > .u-container-layout > .u-btn:hover,\n.u-btn:hover {\n  background-color: var(--button-hover-background-color);\n  color: var(--button-hover-color);\n}\n\n.u-overlap.u-overlap-transparent:not(.u-overlap-contrast) .u-header blockquote,\n.u-gradient > .u-container-layout > blockquote,\n.u-image:not(.u-shading) > .u-container-layout > blockquote,\nblockquote {\n  border-color: var(--blockquote-border-color);\n}\n\n.u-body-color .u-link, .u-body-color a,.u-palette-1-base .u-link, .u-palette-1-base a,.u-palette-1-dark-3 .u-link, .u-palette-1-dark-3 a,.u-palette-1-dark-2 .u-link, .u-palette-1-dark-2 a,.u-palette-1-dark-1 .u-link, .u-palette-1-dark-1 a,.u-palette-1 .u-link, .u-palette-1 a,.u-palette-2-base .u-link, .u-palette-2-base a,.u-palette-2-dark-3 .u-link, .u-palette-2-dark-3 a,.u-palette-2-dark-2 .u-link, .u-palette-2-dark-2 a,.u-palette-2-dark-1 .u-link, .u-palette-2-dark-1 a,.u-palette-2 .u-link, .u-palette-2 a,.u-palette-2-light-1 .u-link, .u-palette-2-light-1 a,.u-palette-3-base .u-link, .u-palette-3-base a,.u-palette-3-dark-3 .u-link, .u-palette-3-dark-3 a,.u-palette-3-dark-2 .u-link, .u-palette-3-dark-2 a,.u-palette-3-dark-1 .u-link, .u-palette-3-dark-1 a,.u-palette-3 .u-link, .u-palette-3 a,.u-palette-3-light-1 .u-link, .u-palette-3-light-1 a,.u-palette-4-dark-3 .u-link, .u-palette-4-dark-3 a,.u-palette-4-dark-2 .u-link, .u-palette-4-dark-2 a,.u-palette-4-dark-1 .u-link, .u-palette-4-dark-1 a,.u-palette-4 .u-link, .u-palette-4 a,.u-palette-5-dark-3 .u-link, .u-palette-5-dark-3 a,.u-palette-5-dark-2 .u-link, .u-palette-5-dark-2 a,.u-palette-5-dark-1 .u-link, .u-palette-5-dark-1 a,.u-palette-5 .u-link, .u-palette-5 a,.u-grey-40 .u-link, .u-grey-40 a,.u-grey-30 .u-link, .u-grey-30 a,.u-grey-90 .u-link, .u-grey-90 a,.u-grey-80 .u-link, .u-grey-80 a,.u-grey-75 .u-link, .u-grey-75 a,.u-black .u-link, .u-black a,.u-grey-70 .u-link, .u-grey-70 a,.u-grey-60 .u-link, .u-grey-60 a,.u-grey-50 .u-link, .u-grey-50 a,.u-grey-dark-3 .u-link, .u-grey-dark-3 a,.u-grey-dark-2 .u-link, .u-grey-dark-2 a,.u-grey-dark-1 .u-link, .u-grey-dark-1 a,.u-grey .u-link, .u-grey a,.u-shading .u-link, .u-shading a,.u-overlap-contrast .u-header .u-link, .u-overlap-contrast .u-header a { color: var(--link-alt-text-color); }\n.u-body-color .u-link:hover, .u-body-color a:hover,.u-palette-1-base .u-link:hover, .u-palette-1-base a:hover,.u-palette-1-dark-3 .u-link:hover, .u-palette-1-dark-3 a:hover,.u-palette-1-dark-2 .u-link:hover, .u-palette-1-dark-2 a:hover,.u-palette-1-dark-1 .u-link:hover, .u-palette-1-dark-1 a:hover,.u-palette-1 .u-link:hover, .u-palette-1 a:hover,.u-palette-2-base .u-link:hover, .u-palette-2-base a:hover,.u-palette-2-dark-3 .u-link:hover, .u-palette-2-dark-3 a:hover,.u-palette-2-dark-2 .u-link:hover, .u-palette-2-dark-2 a:hover,.u-palette-2-dark-1 .u-link:hover, .u-palette-2-dark-1 a:hover,.u-palette-2 .u-link:hover, .u-palette-2 a:hover,.u-palette-2-light-1 .u-link:hover, .u-palette-2-light-1 a:hover,.u-palette-3-base .u-link:hover, .u-palette-3-base a:hover,.u-palette-3-dark-3 .u-link:hover, .u-palette-3-dark-3 a:hover,.u-palette-3-dark-2 .u-link:hover, .u-palette-3-dark-2 a:hover,.u-palette-3-dark-1 .u-link:hover, .u-palette-3-dark-1 a:hover,.u-palette-3 .u-link:hover, .u-palette-3 a:hover,.u-palette-3-light-1 .u-link:hover, .u-palette-3-light-1 a:hover,.u-palette-4-dark-3 .u-link:hover, .u-palette-4-dark-3 a:hover,.u-palette-4-dark-2 .u-link:hover, .u-palette-4-dark-2 a:hover,.u-palette-4-dark-1 .u-link:hover, .u-palette-4-dark-1 a:hover,.u-palette-4 .u-link:hover, .u-palette-4 a:hover,.u-palette-5-dark-3 .u-link:hover, .u-palette-5-dark-3 a:hover,.u-palette-5-dark-2 .u-link:hover, .u-palette-5-dark-2 a:hover,.u-palette-5-dark-1 .u-link:hover, .u-palette-5-dark-1 a:hover,.u-palette-5 .u-link:hover, .u-palette-5 a:hover,.u-grey-40 .u-link:hover, .u-grey-40 a:hover,.u-grey-30 .u-link:hover, .u-grey-30 a:hover,.u-grey-90 .u-link:hover, .u-grey-90 a:hover,.u-grey-80 .u-link:hover, .u-grey-80 a:hover,.u-grey-75 .u-link:hover, .u-grey-75 a:hover,.u-black .u-link:hover, .u-black a:hover,.u-grey-70 .u-link:hover, .u-grey-70 a:hover,.u-grey-60 .u-link:hover, .u-grey-60 a:hover,.u-grey-50 .u-link:hover, .u-grey-50 a:hover,.u-grey-dark-3 .u-link:hover, .u-grey-dark-3 a:hover,.u-grey-dark-2 .u-link:hover, .u-grey-dark-2 a:hover,.u-grey-dark-1 .u-link:hover, .u-grey-dark-1 a:hover,.u-grey .u-link:hover, .u-grey a:hover { color: var(--link-hover-alt-text-color); }\n.u-body-color .u-btn,.u-palette-1-base .u-btn,.u-palette-1-dark-3 .u-btn,.u-palette-1-dark-2 .u-btn,.u-palette-1-dark-1 .u-btn,.u-palette-1 .u-btn,.u-palette-2-base .u-btn,.u-palette-2-dark-3 .u-btn,.u-palette-2-dark-2 .u-btn,.u-palette-2-dark-1 .u-btn,.u-palette-2 .u-btn,.u-palette-2-light-1 .u-btn,.u-palette-3-base .u-btn,.u-palette-3-dark-3 .u-btn,.u-palette-3-dark-2 .u-btn,.u-palette-3-dark-1 .u-btn,.u-palette-3 .u-btn,.u-palette-3-light-1 .u-btn,.u-palette-4-dark-3 .u-btn,.u-palette-4-dark-2 .u-btn,.u-palette-4-dark-1 .u-btn,.u-palette-4 .u-btn,.u-palette-5-dark-3 .u-btn,.u-palette-5-dark-2 .u-btn,.u-palette-5-dark-1 .u-btn,.u-palette-5 .u-btn,.u-grey-40 .u-btn,.u-grey-30 .u-btn,.u-grey-90 .u-btn,.u-grey-80 .u-btn,.u-grey-75 .u-btn,.u-black .u-btn,.u-grey-70 .u-btn,.u-grey-60 .u-btn,.u-grey-50 .u-btn,.u-grey-dark-3 .u-btn,.u-grey-dark-2 .u-btn,.u-grey-dark-1 .u-btn,.u-grey .u-btn,.u-shading .u-btn,.u-overlap-contrast .u-header .u-btn { background-color: var(--button-alt-background-color);\ncolor: var(--button-alt-color); }\n.u-body-color .u-btn:hover,.u-palette-1-base .u-btn:hover,.u-palette-1-dark-3 .u-btn:hover,.u-palette-1-dark-2 .u-btn:hover,.u-palette-1-dark-1 .u-btn:hover,.u-palette-1 .u-btn:hover,.u-palette-2-base .u-btn:hover,.u-palette-2-dark-3 .u-btn:hover,.u-palette-2-dark-2 .u-btn:hover,.u-palette-2-dark-1 .u-btn:hover,.u-palette-2 .u-btn:hover,.u-palette-2-light-1 .u-btn:hover,.u-palette-3-base .u-btn:hover,.u-palette-3-dark-3 .u-btn:hover,.u-palette-3-dark-2 .u-btn:hover,.u-palette-3-dark-1 .u-btn:hover,.u-palette-3 .u-btn:hover,.u-palette-3-light-1 .u-btn:hover,.u-palette-4-dark-3 .u-btn:hover,.u-palette-4-dark-2 .u-btn:hover,.u-palette-4-dark-1 .u-btn:hover,.u-palette-4 .u-btn:hover,.u-palette-5-dark-3 .u-btn:hover,.u-palette-5-dark-2 .u-btn:hover,.u-palette-5-dark-1 .u-btn:hover,.u-palette-5 .u-btn:hover,.u-grey-40 .u-btn:hover,.u-grey-30 .u-btn:hover,.u-grey-90 .u-btn:hover,.u-grey-80 .u-btn:hover,.u-grey-75 .u-btn:hover,.u-black .u-btn:hover,.u-grey-70 .u-btn:hover,.u-grey-60 .u-btn:hover,.u-grey-50 .u-btn:hover,.u-grey-dark-3 .u-btn:hover,.u-grey-dark-2 .u-btn:hover,.u-grey-dark-1 .u-btn:hover,.u-grey .u-btn:hover,.u-shading .u-btn:hover,.u-overlap-contrast .u-header .u-btn:hover { background-color: var(--button-hover-alt-background-color);\ncolor: var(--button-hover-alt-color); }</style><style id=\"font-scheme\" font-scheme=\"Montserrat-OpenSans\" heading-font=\"Montserrat,sans-serif\" text-font=\"'Open Sans',sans-serif\">.u-body {\n   --text-font: 'Open Sans',sans-serif;\n   --heading-font: Montserrat,sans-serif;\n}</style>","appVersion":"1.7.4","isTrial":false}
